 [
    {
      "nombre": "Madrid",
      "latitud": 40.4168,
      "longitud": -3.7038
    },
    {
      "nombre": "Barcelona",
      "latitud": 41.3851,
      "longitud": 2.1734
    },
    {
      "nombre": "Valencia",
      "latitud": 39.4699,
      "longitud": -0.3763
    },
    {
      "nombre": "Sevilla",
      "latitud": 37.3891,
      "longitud": -5.9845
    },
      {
      "nombre": "Bilbao",
      "latitud": 43.2630,
      "longitud": -2.9350
    },
     {
      "nombre": "Málaga",
      "latitud": 36.7213,
      "longitud": -4.4214
    },
      {
      "nombre": "Salamanca",
      "latitud": 40.9649,
      "longitud": -5.6635
    }
  ]